model,rmse,mae,r2
linear_regression,203129885.50382677,36867016.21609327,0.12707761887850222
random_forest,204779631.60014635,27724527.235961698,0.11284093214902202
